﻿<CustomObject Id="24" Name="Account" CoLabel="Account" Description="Account" DesignerData="" IsAgentVisible="True" IsAnalyticsVisible="True" IsSubclass="False" IsMenu="False" IsMenuOnlyClass="False" HasLabels="False" HasDescription="False" HasNotes="False" HasFileAttachment="False" IsLogTransactionsEnabled="False" HasUserTransactions="False" HasSequence="False" AllowsSPMSuppression="False"><Package Name="RN" Id="2" /><InterfaceLabels><InterfaceLabel Language="en_US" Label="Account" Description="Account" /></InterfaceLabels><Keys /><Fields><Field Id="10012" Label="ACD ID" Name="acd_id" DataTypeName="Text" DataType="2" IsNullable="True" IsList="False" IsLookup="False" IsCoReadOnly="False" IsAutoUpdate="False" IsSequence="False" IsSystemField="False" PackageId="3" PackageName="Oracle_Cti" MaxLength="100" Pattern="" Usage="PlainText" /><Field Id="10013" Label="ACD Password" Name="acd_password" DataTypeName="Text" DataType="2" IsNullable="True" IsList="False" IsLookup="False" IsCoReadOnly="False" IsAutoUpdate="False" IsSequence="False" IsSystemField="False" PackageId="3" PackageName="Oracle_Cti" MaxLength="255" Pattern="" Usage="PlainText" /></Fields><Notes /></CustomObject><!--yZUw50XIGMXwDikIvk/nk0Dig7gE4Kpy0+DZ-->